# filename,time,alignment_error,fits_error,lowflux_comp1,lowflux_comp2,lowflux_comp3,lowflux_comp4,lowflux_comp5,lowflux_comp6,lowflux_target,outofframe_comp1,outofframe_comp2,outofframe_comp3,outofframe_comp4,outofframe_comp5,outofframe_comp6,outofframe_target,skybg_comp1,skybg_comp2,skybg_comp3,skybg_comp4,skybg_comp5,skybg_comp6,skybg_target
"/content/drive/My Drive/TRES-3b-20170418/MOBS_Cecilia_TRES-3_2017-04-18T22_51_41.792-0700_53ec0f316f2785c25e654b6ad2fa4798_TRES-3170419055141.FITS.gz",2457862.746874366,False,False,False,False,False,False,False,False,False,False,False,False,False,False,False,False,False,False,False,False,False,False,False
"/content/drive/My Drive/TRES-3b-20170418/MOBS_Cecilia_TRES-3_2017-04-18T22_51_41.792-0700_53ec0f316f2785c25e654b6ad2fa4798_TRES-3170419055412.FITS.gz",2457862.7486237567,False,False,False,False,False,False,False,False,False,False,False,False,False,False,False,False,False,False,False,False,False,False,False
"/content/drive/My Drive/TRES-3b-20170418/MOBS_Cecilia_TRES-3_2017-04-18T22_51_41.792-0700_53ec0f316f2785c25e654b6ad2fa4798_TRES-3170419055712.FITS.gz",2457862.7507065637,False,False,False,False,False,False,False,False,False,False,False,False,False,False,False,False,False,False,False,False,False,False,False
"/content/drive/My Drive/TRES-3b-20170418/MOBS_Cecilia_TRES-3_2017-04-18T22_51_41.792-0700_53ec0f316f2785c25e654b6ad2fa4798_TRES-3170419060012.FITS.gz",2457862.7527900888,False,False,False,False,False,False,False,False,False,False,False,False,False,False,False,False,False,False,False,False,False,False,False
"/content/drive/My Drive/TRES-3b-20170418/MOBS_Cecilia_TRES-3_2017-04-18T22_51_41.792-0700_53ec0f316f2785c25e654b6ad2fa4798_TRES-3170419060312.FITS.gz",2457862.754874285,False,False,False,False,False,False,False,False,False,False,False,False,False,False,False,False,False,False,False,False,False,False,False
"/content/drive/My Drive/TRES-3b-20170418/MOBS_Cecilia_TRES-3_2017-04-18T22_51_41.792-0700_53ec0f316f2785c25e654b6ad2fa4798_TRES-3170419060612.FITS.gz",2457862.7569575435,False,False,False,False,False,False,False,False,False,False,False,False,False,False,False,False,False,False,False,False,False,False,False
"/content/drive/My Drive/TRES-3b-20170418/MOBS_Cecilia_TRES-3_2017-04-18T22_51_41.792-0700_53ec0f316f2785c25e654b6ad2fa4798_TRES-3170419060912.FITS.gz",2457862.7590406286,False,False,False,False,False,False,False,False,False,False,False,False,False,False,False,False,False,False,False,False,False,False,False
"/content/drive/My Drive/TRES-3b-20170418/MOBS_Cecilia_TRES-3_2017-04-18T22_51_41.792-0700_53ec0f316f2785c25e654b6ad2fa4798_TRES-3170419061212.FITS.gz",2457862.761124408,False,False,False,False,False,False,False,False,False,False,False,False,False,False,False,False,False,False,False,False,False,False,False
"/content/drive/My Drive/TRES-3b-20170418/MOBS_Cecilia_TRES-3_2017-04-18T22_51_41.792-0700_53ec0f316f2785c25e654b6ad2fa4798_TRES-3170419061512.FITS.gz",2457862.763208384,False,False,False,False,False,False,False,False,False,False,False,False,False,False,False,False,False,False,False,False,False,False,False
"/content/drive/My Drive/TRES-3b-20170418/MOBS_Cecilia_TRES-3_2017-04-18T22_51_41.792-0700_53ec0f316f2785c25e654b6ad2fa4798_TRES-3170419061812.FITS.gz",2457862.765291307,False,False,False,False,False,False,False,False,False,False,False,False,False,False,False,False,False,False,False,False,False,False,False
"/content/drive/My Drive/TRES-3b-20170418/MOBS_Cecilia_TRES-3_2017-04-18T22_51_41.792-0700_53ec0f316f2785c25e654b6ad2fa4798_TRES-3170419062112.FITS.gz",2457862.7673744964,False,False,False,False,False,False,False,False,False,False,False,False,False,False,False,False,False,False,False,False,False,False,False
"/content/drive/My Drive/TRES-3b-20170418/MOBS_Cecilia_TRES-3_2017-04-18T22_51_41.792-0700_53ec0f316f2785c25e654b6ad2fa4798_TRES-3170419062412.FITS.gz",2457862.7694577314,False,False,False,False,False,False,False,False,False,False,False,False,False,False,False,False,False,False,False,False,False,False,False
"/content/drive/My Drive/TRES-3b-20170418/MOBS_Cecilia_TRES-3_2017-04-18T22_51_41.792-0700_53ec0f316f2785c25e654b6ad2fa4798_TRES-3170419062712.FITS.gz",2457862.771541303,False,False,False,False,False,False,False,False,False,False,False,False,False,False,False,False,False,False,False,False,False,False,False
"/content/drive/My Drive/TRES-3b-20170418/MOBS_Cecilia_TRES-3_2017-04-18T22_51_41.792-0700_53ec0f316f2785c25e654b6ad2fa4798_TRES-3170419063012.FITS.gz",2457862.7736245845,False,False,False,False,False,False,False,False,False,False,False,False,False,False,False,False,False,False,False,False,False,False,False
"/content/drive/My Drive/TRES-3b-20170418/MOBS_Cecilia_TRES-3_2017-04-18T22_51_41.792-0700_53ec0f316f2785c25e654b6ad2fa4798_TRES-3170419063312.FITS.gz",2457862.7757077855,False,False,False,False,False,False,False,False,False,False,False,False,False,False,False,False,False,False,False,False,False,False,False
"/content/drive/My Drive/TRES-3b-20170418/MOBS_Cecilia_TRES-3_2017-04-18T22_51_41.792-0700_53ec0f316f2785c25e654b6ad2fa4798_TRES-3170419063612.FITS.gz",2457862.777790778,False,False,False,False,False,False,False,False,False,False,False,False,False,False,False,False,False,False,False,False,False,False,False
"/content/drive/My Drive/TRES-3b-20170418/MOBS_Cecilia_TRES-3_2017-04-18T22_51_41.792-0700_53ec0f316f2785c25e654b6ad2fa4798_TRES-3170419063912.FITS.gz",2457862.7798756915,False,False,False,False,False,False,False,False,False,False,False,False,False,False,False,False,False,False,False,False,False,False,False
"/content/drive/My Drive/TRES-3b-20170418/MOBS_Cecilia_TRES-3_2017-04-18T22_51_41.792-0700_53ec0f316f2785c25e654b6ad2fa4798_TRES-3170419064212.FITS.gz",2457862.7819589386,False,False,False,False,False,False,False,False,False,False,False,False,False,False,False,False,False,False,False,False,False,False,False
"/content/drive/My Drive/TRES-3b-20170418/MOBS_Cecilia_TRES-3_2017-04-18T22_51_41.792-0700_53ec0f316f2785c25e654b6ad2fa4798_TRES-3170419064512.FITS.gz",2457862.78404112,False,False,False,False,False,False,False,False,False,False,False,False,False,False,False,False,False,False,False,False,False,False,False
"/content/drive/My Drive/TRES-3b-20170418/MOBS_Cecilia_TRES-3_2017-04-18T22_51_41.792-0700_53ec0f316f2785c25e654b6ad2fa4798_TRES-3170419064812.FITS.gz",2457862.7861245642,False,False,False,False,False,False,False,False,False,False,False,False,False,False,False,False,False,False,False,False,False,False,False
"/content/drive/My Drive/TRES-3b-20170418/MOBS_Cecilia_TRES-3_2017-04-18T22_51_41.792-0700_53ec0f316f2785c25e654b6ad2fa4798_TRES-3170419065112.FITS.gz",2457862.788206978,False,False,False,False,False,False,False,False,False,False,False,False,False,False,False,False,False,False,False,False,False,False,False
"/content/drive/My Drive/TRES-3b-20170418/MOBS_Cecilia_TRES-3_2017-04-18T22_51_41.792-0700_53ec0f316f2785c25e654b6ad2fa4798_TRES-3170419065412.FITS.gz",2457862.7902884074,False,False,False,False,False,False,False,False,False,False,False,False,False,False,False,False,False,False,False,False,False,False,False
"/content/drive/My Drive/TRES-3b-20170418/MOBS_Cecilia_TRES-3_2017-04-18T22_51_41.792-0700_53ec0f316f2785c25e654b6ad2fa4798_TRES-3170419065712.FITS.gz",2457862.7923713187,False,False,False,False,False,False,False,False,False,False,False,False,False,False,False,False,False,False,False,False,False,False,False
"/content/drive/My Drive/TRES-3b-20170418/MOBS_Cecilia_TRES-3_2017-04-18T22_51_41.792-0700_53ec0f316f2785c25e654b6ad2fa4798_TRES-3170419070012.FITS.gz",2457862.794454797,False,False,False,False,False,False,False,False,False,False,False,False,False,False,False,False,False,False,False,False,False,False,False
"/content/drive/My Drive/TRES-3b-20170418/MOBS_Cecilia_TRES-3_2017-04-18T22_51_41.792-0700_53ec0f316f2785c25e654b6ad2fa4798_TRES-3170419070312.FITS.gz",2457862.7965355786,False,False,False,False,False,False,False,False,False,False,False,False,False,False,False,False,False,False,False,False,False,False,False
"/content/drive/My Drive/TRES-3b-20170418/MOBS_Cecilia_TRES-3_2017-04-18T22_51_41.792-0700_53ec0f316f2785c25e654b6ad2fa4798_TRES-3170419070612.FITS.gz",2457862.7986162673,False,False,False,False,False,False,False,False,False,False,False,False,False,False,False,False,False,False,False,False,False,False,False
"/content/drive/My Drive/TRES-3b-20170418/MOBS_Cecilia_TRES-3_2017-04-18T22_51_41.792-0700_53ec0f316f2785c25e654b6ad2fa4798_TRES-3170419070912.FITS.gz",2457862.800709561,False,False,False,False,False,False,False,False,False,False,False,False,False,False,False,False,False,False,False,False,False,False,False
"/content/drive/My Drive/TRES-3b-20170418/MOBS_Cecilia_TRES-3_2017-04-18T22_51_41.792-0700_53ec0f316f2785c25e654b6ad2fa4798_TRES-3170419071212.FITS.gz",2457862.8027901226,False,False,False,False,False,False,False,False,False,False,False,False,False,False,False,False,False,False,False,False,False,False,False
"/content/drive/My Drive/TRES-3b-20170418/MOBS_Cecilia_TRES-3_2017-04-18T22_51_41.792-0700_53ec0f316f2785c25e654b6ad2fa4798_TRES-3170419071512.FITS.gz",2457862.8048717026,False,False,False,False,False,False,False,False,False,False,False,False,False,False,False,False,False,False,False,False,False,False,False
"/content/drive/My Drive/TRES-3b-20170418/MOBS_Cecilia_TRES-3_2017-04-18T22_51_41.792-0700_53ec0f316f2785c25e654b6ad2fa4798_TRES-3170419071812.FITS.gz",2457862.8069525305,False,False,False,False,False,False,False,False,False,False,False,False,False,False,False,False,False,False,False,False,False,False,False
"/content/drive/My Drive/TRES-3b-20170418/MOBS_Cecilia_TRES-3_2017-04-18T22_51_41.792-0700_53ec0f316f2785c25e654b6ad2fa4798_TRES-3170419072112.FITS.gz",2457862.809033624,False,False,False,False,False,False,False,False,False,False,False,False,False,False,False,False,False,False,False,False,False,False,False
"/content/drive/My Drive/TRES-3b-20170418/MOBS_Cecilia_TRES-3_2017-04-18T22_51_41.792-0700_53ec0f316f2785c25e654b6ad2fa4798_TRES-3170419072412.FITS.gz",2457862.811126119,False,False,False,False,False,False,False,False,False,False,False,False,False,False,False,False,False,False,False,False,False,False,False
"/content/drive/My Drive/TRES-3b-20170418/MOBS_Cecilia_TRES-3_2017-04-18T22_51_41.792-0700_53ec0f316f2785c25e654b6ad2fa4798_TRES-3170419072712.FITS.gz",2457862.8132071206,False,False,False,False,False,False,False,False,False,False,False,False,False,False,False,False,False,False,False,False,False,False,False
"/content/drive/My Drive/TRES-3b-20170418/MOBS_Cecilia_TRES-3_2017-04-18T22_51_41.792-0700_53ec0f316f2785c25e654b6ad2fa4798_TRES-3170419073012.FITS.gz",2457862.815289395,False,False,False,False,False,False,False,False,False,False,False,False,False,False,False,False,False,False,False,False,False,False,False
"/content/drive/My Drive/TRES-3b-20170418/MOBS_Cecilia_TRES-3_2017-04-18T22_51_41.792-0700_53ec0f316f2785c25e654b6ad2fa4798_TRES-3170419073312.FITS.gz",2457862.8173705232,False,False,False,False,False,False,False,False,False,False,False,False,False,False,False,False,False,False,False,False,False,False,False
"/content/drive/My Drive/TRES-3b-20170418/MOBS_Cecilia_TRES-3_2017-04-18T22_51_41.792-0700_53ec0f316f2785c25e654b6ad2fa4798_TRES-3170419073612.FITS.gz",2457862.8194518606,False,False,False,False,False,False,False,False,False,False,False,False,False,False,False,False,False,False,False,False,False,False,False
"/content/drive/My Drive/TRES-3b-20170418/MOBS_Cecilia_TRES-3_2017-04-18T22_51_41.792-0700_53ec0f316f2785c25e654b6ad2fa4798_TRES-3170419073912.FITS.gz",2457862.821532966,False,False,False,False,False,False,False,False,False,False,False,False,False,False,False,False,False,False,False,False,False,False,False
"/content/drive/My Drive/TRES-3b-20170418/MOBS_Cecilia_TRES-3_2017-04-18T22_51_41.792-0700_53ec0f316f2785c25e654b6ad2fa4798_TRES-3170419074212.FITS.gz",2457862.8236260857,False,False,False,False,False,False,False,False,False,False,False,False,False,False,False,False,False,False,False,False,False,False,False
"/content/drive/My Drive/TRES-3b-20170418/MOBS_Cecilia_TRES-3_2017-04-18T22_51_41.792-0700_53ec0f316f2785c25e654b6ad2fa4798_TRES-3170419074512.FITS.gz",2457862.825707411,False,False,False,False,False,False,False,False,False,False,False,False,False,False,False,False,False,False,False,False,False,False,False
"/content/drive/My Drive/TRES-3b-20170418/MOBS_Cecilia_TRES-3_2017-04-18T22_51_41.792-0700_53ec0f316f2785c25e654b6ad2fa4798_TRES-3170419074812.FITS.gz",2457862.827788493,False,False,False,False,False,False,False,False,False,False,False,False,False,False,False,False,False,False,False,False,False,False,False
"/content/drive/My Drive/TRES-3b-20170418/MOBS_Cecilia_TRES-3_2017-04-18T22_51_41.792-0700_53ec0f316f2785c25e654b6ad2fa4798_TRES-3170419075112.FITS.gz",2457862.8298696913,False,False,False,False,False,False,False,False,False,False,False,False,False,False,False,False,False,False,False,False,False,False,False
"/content/drive/My Drive/TRES-3b-20170418/MOBS_Cecilia_TRES-3_2017-04-18T22_51_41.792-0700_53ec0f316f2785c25e654b6ad2fa4798_TRES-3170419075412.FITS.gz",2457862.831950889,False,False,False,False,False,False,False,False,False,False,False,False,False,False,False,False,False,False,False,False,False,False,False
"/content/drive/My Drive/TRES-3b-20170418/MOBS_Cecilia_TRES-3_2017-04-18T22_51_41.792-0700_53ec0f316f2785c25e654b6ad2fa4798_TRES-3170419075712.FITS.gz",2457862.834044136,False,False,False,False,False,False,False,False,False,False,False,False,False,False,False,False,False,False,False,False,False,False,False
"/content/drive/My Drive/TRES-3b-20170418/MOBS_Cecilia_TRES-3_2017-04-18T22_51_41.792-0700_53ec0f316f2785c25e654b6ad2fa4798_TRES-3170419080012.FITS.gz",2457862.836124663,False,False,False,False,False,False,False,False,False,False,False,False,False,False,False,False,False,False,False,False,False,False,False
"/content/drive/My Drive/TRES-3b-20170418/MOBS_Cecilia_TRES-3_2017-04-18T22_51_41.792-0700_53ec0f316f2785c25e654b6ad2fa4798_TRES-3170419080313.FITS.gz",2457862.838217134,False,False,False,False,False,False,False,False,False,False,False,False,False,False,False,False,False,False,False,False,False,False,False
"/content/drive/My Drive/TRES-3b-20170418/MOBS_Cecilia_TRES-3_2017-04-18T22_51_41.792-0700_53ec0f316f2785c25e654b6ad2fa4798_TRES-3170419080612.FITS.gz",2457862.8402870237,False,False,False,False,False,False,False,False,False,False,False,False,False,False,False,False,False,False,False,False,False,False,False
"/content/drive/My Drive/TRES-3b-20170418/MOBS_Cecilia_TRES-3_2017-04-18T22_51_41.792-0700_53ec0f316f2785c25e654b6ad2fa4798_TRES-3170419080912.FITS.gz",2457862.8423684994,False,False,False,False,False,False,False,False,False,False,False,False,False,False,False,False,False,False,False,False,False,False,False
"/content/drive/My Drive/TRES-3b-20170418/MOBS_Cecilia_TRES-3_2017-04-18T22_51_41.792-0700_53ec0f316f2785c25e654b6ad2fa4798_TRES-3170419081212.FITS.gz",2457862.8444613875,False,False,False,False,False,False,False,False,False,False,False,False,False,False,False,False,False,False,False,False,False,False,False
"/content/drive/My Drive/TRES-3b-20170418/MOBS_Cecilia_TRES-3_2017-04-18T22_51_41.792-0700_53ec0f316f2785c25e654b6ad2fa4798_TRES-3170419081512.FITS.gz",2457862.846544159,False,False,False,False,False,False,False,False,False,False,False,False,False,False,False,False,False,False,False,False,False,False,False
"/content/drive/My Drive/TRES-3b-20170418/MOBS_Cecilia_TRES-3_2017-04-18T22_51_41.792-0700_53ec0f316f2785c25e654b6ad2fa4798_TRES-3170419081812.FITS.gz",2457862.8486251254,False,False,False,False,False,False,False,False,False,False,False,False,False,False,False,False,False,False,False,False,False,False,False
"/content/drive/My Drive/TRES-3b-20170418/MOBS_Cecilia_TRES-3_2017-04-18T22_51_41.792-0700_53ec0f316f2785c25e654b6ad2fa4798_TRES-3170419082112.FITS.gz",2457862.8507058946,False,False,False,False,False,False,False,False,False,False,False,False,False,False,False,False,False,False,False,False,False,False,False
"/content/drive/My Drive/TRES-3b-20170418/MOBS_Cecilia_TRES-3_2017-04-18T22_51_41.792-0700_53ec0f316f2785c25e654b6ad2fa4798_TRES-3170419082412.FITS.gz",2457862.852787347,False,False,False,False,False,False,False,False,False,False,False,False,False,False,False,False,False,False,False,False,False,False,False
"/content/drive/My Drive/TRES-3b-20170418/MOBS_Cecilia_TRES-3_2017-04-18T22_51_41.792-0700_53ec0f316f2785c25e654b6ad2fa4798_TRES-3170419082712.FITS.gz",2457862.8548682905,False,False,False,False,False,False,False,False,False,False,False,False,False,False,False,False,False,False,False,False,False,False,False
"/content/drive/My Drive/TRES-3b-20170418/MOBS_Cecilia_TRES-3_2017-04-18T22_51_41.792-0700_53ec0f316f2785c25e654b6ad2fa4798_TRES-3170419083012.FITS.gz",2457862.856961803,False,False,False,False,False,False,False,False,False,False,False,False,False,False,False,False,False,False,False,False,False,False,False
"/content/drive/My Drive/TRES-3b-20170418/MOBS_Cecilia_TRES-3_2017-04-18T22_51_41.792-0700_53ec0f316f2785c25e654b6ad2fa4798_TRES-3170419083312.FITS.gz",2457862.8590432326,False,False,False,False,False,False,False,False,False,False,False,False,False,False,False,False,False,False,False,False,False,False,False
"/content/drive/My Drive/TRES-3b-20170418/MOBS_Cecilia_TRES-3_2017-04-18T22_51_41.792-0700_53ec0f316f2785c25e654b6ad2fa4798_TRES-3170419083612.FITS.gz",2457862.8611243377,False,False,False,False,False,False,False,False,False,False,False,False,False,False,False,False,False,False,False,False,False,False,False
"/content/drive/My Drive/TRES-3b-20170418/MOBS_Cecilia_TRES-3_2017-04-18T22_51_41.792-0700_53ec0f316f2785c25e654b6ad2fa4798_TRES-3170419083912.FITS.gz",2457862.863205848,False,False,False,False,False,False,False,False,False,False,False,False,False,False,False,False,False,False,False,False,False,False,False
"/content/drive/My Drive/TRES-3b-20170418/MOBS_Cecilia_TRES-3_2017-04-18T22_51_41.792-0700_53ec0f316f2785c25e654b6ad2fa4798_TRES-3170419084212.FITS.gz",2457862.86528693,False,False,False,False,False,False,False,False,False,False,False,False,False,False,False,False,False,False,False,False,False,False,False
"/content/drive/My Drive/TRES-3b-20170418/MOBS_Cecilia_TRES-3_2017-04-18T22_51_41.792-0700_53ec0f316f2785c25e654b6ad2fa4798_TRES-3170419084512.FITS.gz",2457862.867368347,False,False,False,False,False,False,False,False,False,False,False,False,False,False,False,False,False,False,False,False,False,False,False
"/content/drive/My Drive/TRES-3b-20170418/MOBS_Cecilia_TRES-3_2017-04-18T22_51_41.792-0700_53ec0f316f2785c25e654b6ad2fa4798_TRES-3170419084812.FITS.gz",2457862.8694618484,False,False,False,False,False,False,False,False,False,False,False,False,False,False,False,False,False,False,False,False,False,False,False
"/content/drive/My Drive/TRES-3b-20170418/MOBS_Cecilia_TRES-3_2017-04-18T22_51_41.792-0700_53ec0f316f2785c25e654b6ad2fa4798_TRES-3170419085113.FITS.gz",2457862.8715551184,False,False,False,False,False,False,False,False,False,False,False,False,False,False,False,False,False,False,False,False,False,False,False
"/content/drive/My Drive/TRES-3b-20170418/MOBS_Cecilia_TRES-3_2017-04-18T22_51_41.792-0700_53ec0f316f2785c25e654b6ad2fa4798_TRES-3170419085412.FITS.gz",2457862.873624996,False,False,False,False,False,False,False,False,False,False,False,False,False,False,False,False,False,False,False,False,False,False,False
"/content/drive/My Drive/TRES-3b-20170418/MOBS_Cecilia_TRES-3_2017-04-18T22_51_41.792-0700_53ec0f316f2785c25e654b6ad2fa4798_TRES-3170419085712.FITS.gz",2457862.8757065176,False,False,False,False,False,False,False,False,False,False,False,False,False,False,False,False,False,False,False,False,False,False,False
"/content/drive/My Drive/TRES-3b-20170418/MOBS_Cecilia_TRES-3_2017-04-18T22_51_41.792-0700_53ec0f316f2785c25e654b6ad2fa4798_TRES-3170419090012.FITS.gz",2457862.8777876915,False,False,False,False,False,False,False,False,False,False,False,False,False,False,False,False,False,False,False,False,False,False,False
"/content/drive/My Drive/TRES-3b-20170418/MOBS_Cecilia_TRES-3_2017-04-18T22_51_41.792-0700_53ec0f316f2785c25e654b6ad2fa4798_TRES-3170419090312.FITS.gz",2457862.8798690746,False,False,False,False,False,False,False,False,False,False,False,False,False,False,False,False,False,False,False,False,False,False,False
"/content/drive/My Drive/TRES-3b-20170418/MOBS_Cecilia_TRES-3_2017-04-18T22_51_41.792-0700_53ec0f316f2785c25e654b6ad2fa4798_TRES-3170419090612.FITS.gz",2457862.881961696,False,False,False,False,False,False,False,False,False,False,False,False,False,False,False,False,False,False,False,False,False,False,False
"/content/drive/My Drive/TRES-3b-20170418/MOBS_Cecilia_TRES-3_2017-04-18T22_51_41.792-0700_53ec0f316f2785c25e654b6ad2fa4798_TRES-3170419090912.FITS.gz",2457862.8840432405,False,False,False,False,False,False,False,False,False,False,False,False,False,False,False,False,False,False,False,False,False,False,False
"/content/drive/My Drive/TRES-3b-20170418/MOBS_Cecilia_TRES-3_2017-04-18T22_51_41.792-0700_53ec0f316f2785c25e654b6ad2fa4798_TRES-3170419091213.FITS.gz",2457862.8861359195,False,False,False,False,False,False,False,False,False,False,False,False,False,False,False,False,False,False,False,False,False,False,False
"/content/drive/My Drive/TRES-3b-20170418/MOBS_Cecilia_TRES-3_2017-04-18T22_51_41.792-0700_53ec0f316f2785c25e654b6ad2fa4798_TRES-3170419091512.FITS.gz",2457862.8882052535,False,False,False,False,False,False,False,False,False,False,False,False,False,False,False,False,False,False,False,False,False,False,False
"/content/drive/My Drive/TRES-3b-20170418/MOBS_Cecilia_TRES-3_2017-04-18T22_51_41.792-0700_53ec0f316f2785c25e654b6ad2fa4798_TRES-3170419091812.FITS.gz",2457862.8902862193,False,False,False,False,False,False,False,False,False,False,False,False,False,False,False,False,False,False,False,False,False,False,False
"/content/drive/My Drive/TRES-3b-20170418/MOBS_Cecilia_TRES-3_2017-04-18T22_51_41.792-0700_53ec0f316f2785c25e654b6ad2fa4798_TRES-3170419092112.FITS.gz",2457862.8923788057,False,False,False,False,False,False,False,False,False,False,False,False,False,False,False,False,False,False,False,False,False,False,False
"/content/drive/My Drive/TRES-3b-20170418/MOBS_Cecilia_TRES-3_2017-04-18T22_51_41.792-0700_53ec0f316f2785c25e654b6ad2fa4798_TRES-3170419092412.FITS.gz",2457862.8944594013,False,False,False,False,False,False,False,False,False,False,False,False,False,False,False,False,False,False,False,False,False,False,False
"/content/drive/My Drive/TRES-3b-20170418/MOBS_Cecilia_TRES-3_2017-04-18T22_51_41.792-0700_53ec0f316f2785c25e654b6ad2fa4798_TRES-3170419092712.FITS.gz",2457862.896540089,False,False,False,False,False,False,False,False,False,False,False,False,False,False,False,False,False,False,False,False,False,False,False
"/content/drive/My Drive/TRES-3b-20170418/MOBS_Cecilia_TRES-3_2017-04-18T22_51_41.792-0700_53ec0f316f2785c25e654b6ad2fa4798_TRES-3170419093012.FITS.gz",2457862.8986218073,False,False,False,False,False,False,False,False,False,False,False,False,False,False,False,False,False,False,False,False,False,False,False
"/content/drive/My Drive/TRES-3b-20170418/MOBS_Cecilia_TRES-3_2017-04-18T22_51_41.792-0700_53ec0f316f2785c25e654b6ad2fa4798_TRES-3170419093312.FITS.gz",2457862.9007141157,False,False,False,False,False,False,False,False,False,False,False,False,False,False,False,False,False,False,False,False,False,False,False
"/content/drive/My Drive/TRES-3b-20170418/MOBS_Cecilia_TRES-3_2017-04-18T22_51_41.792-0700_53ec0f316f2785c25e654b6ad2fa4798_TRES-3170419093612.FITS.gz",2457862.9027934265,False,False,False,False,False,False,False,False,False,False,False,False,False,False,False,False,False,False,False,False,False,False,False
"/content/drive/My Drive/TRES-3b-20170418/MOBS_Cecilia_TRES-3_2017-04-18T22_51_41.792-0700_53ec0f316f2785c25e654b6ad2fa4798_TRES-3170419093912.FITS.gz",2457862.9048723434,False,False,False,False,False,False,False,False,False,False,False,False,False,False,False,False,False,False,False,False,False,False,False
"/content/drive/My Drive/TRES-3b-20170418/MOBS_Cecilia_TRES-3_2017-04-18T22_51_41.792-0700_53ec0f316f2785c25e654b6ad2fa4798_TRES-3170419094212.FITS.gz",2457862.9069630546,False,False,False,False,False,False,False,False,False,False,False,False,False,False,False,False,False,False,False,False,False,False,False
"/content/drive/My Drive/TRES-3b-20170418/MOBS_Cecilia_TRES-3_2017-04-18T22_51_41.792-0700_53ec0f316f2785c25e654b6ad2fa4798_TRES-3170419094512.FITS.gz",2457862.9090424925,False,False,False,False,False,False,False,False,False,False,False,False,False,False,False,False,False,False,False,False,False,False,False
"/content/drive/My Drive/TRES-3b-20170418/MOBS_Cecilia_TRES-3_2017-04-18T22_51_41.792-0700_53ec0f316f2785c25e654b6ad2fa4798_TRES-3170419094812.FITS.gz",2457862.911121838,False,False,False,False,False,False,False,False,False,False,False,False,False,False,False,False,False,False,False,False,False,False,False
"/content/drive/My Drive/TRES-3b-20170418/MOBS_Cecilia_TRES-3_2017-04-18T22_51_41.792-0700_53ec0f316f2785c25e654b6ad2fa4798_TRES-3170419095112.FITS.gz",2457862.913213,False,False,False,False,False,False,False,False,False,False,False,False,False,False,False,False,False,False,False,False,False,False,False
"/content/drive/My Drive/TRES-3b-20170418/MOBS_Cecilia_TRES-3_2017-04-18T22_51_41.792-0700_53ec0f316f2785c25e654b6ad2fa4798_TRES-3170419095412.FITS.gz",2457862.9152920907,False,False,False,False,False,False,False,False,False,False,False,False,False,False,False,False,False,False,False,False,False,False,False
"/content/drive/My Drive/TRES-3b-20170418/MOBS_Cecilia_TRES-3_2017-04-18T22_51_41.792-0700_53ec0f316f2785c25e654b6ad2fa4798_TRES-3170419095712.FITS.gz",2457862.917373959,False,False,False,False,False,False,False,False,False,False,False,False,False,False,False,False,False,False,False,False,False,False,False
"/content/drive/My Drive/TRES-3b-20170418/MOBS_Cecilia_TRES-3_2017-04-18T22_51_41.792-0700_53ec0f316f2785c25e654b6ad2fa4798_TRES-3170419100012.FITS.gz",2457862.9194648555,False,False,False,False,False,False,False,False,False,False,False,False,False,False,False,False,False,False,False,False,False,False,False
"/content/drive/My Drive/TRES-3b-20170418/MOBS_Cecilia_TRES-3_2017-04-18T22_51_41.792-0700_53ec0f316f2785c25e654b6ad2fa4798_TRES-3170419100312.FITS.gz",2457862.921543691,False,False,False,False,False,False,False,False,False,False,False,False,False,False,False,False,False,False,False,False,False,False,False
"/content/drive/My Drive/TRES-3b-20170418/MOBS_Cecilia_TRES-3_2017-04-18T22_51_41.792-0700_53ec0f316f2785c25e654b6ad2fa4798_TRES-3170419100612.FITS.gz",2457862.9236227814,False,False,False,False,False,False,False,False,False,False,False,False,False,False,False,False,False,False,False,False,False,False,False
"/content/drive/My Drive/TRES-3b-20170418/MOBS_Cecilia_TRES-3_2017-04-18T22_51_41.792-0700_53ec0f316f2785c25e654b6ad2fa4798_TRES-3170419100912.FITS.gz",2457862.925713805,False,False,False,False,False,False,False,False,False,False,False,False,False,False,False,False,False,False,False,False,False,False,False
"/content/drive/My Drive/TRES-3b-20170418/MOBS_Cecilia_TRES-3_2017-04-18T22_51_41.792-0700_53ec0f316f2785c25e654b6ad2fa4798_TRES-3170419101212.FITS.gz",2457862.9277938674,False,False,False,False,False,False,False,False,False,False,False,False,False,False,False,False,False,False,False,False,False,False,False
"/content/drive/My Drive/TRES-3b-20170418/MOBS_Cecilia_TRES-3_2017-04-18T22_51_41.792-0700_53ec0f316f2785c25e654b6ad2fa4798_TRES-3170419101512.FITS.gz",2457862.9298733165,False,False,False,False,False,False,False,False,False,False,False,False,False,False,False,False,False,False,False,False,False,False,False
"/content/drive/My Drive/TRES-3b-20170418/MOBS_Cecilia_TRES-3_2017-04-18T22_51_41.792-0700_53ec0f316f2785c25e654b6ad2fa4798_TRES-3170419101812.FITS.gz",2457862.931964861,False,False,False,False,False,False,False,False,False,False,False,False,False,False,False,False,False,False,False,False,False,False,False
"/content/drive/My Drive/TRES-3b-20170418/MOBS_Cecilia_TRES-3_2017-04-18T22_51_41.792-0700_53ec0f316f2785c25e654b6ad2fa4798_TRES-3170419102112.FITS.gz",2457862.934043523,False,False,False,False,False,False,False,False,False,False,False,False,False,False,False,False,False,False,False,False,False,False,False
"/content/drive/My Drive/TRES-3b-20170418/MOBS_Cecilia_TRES-3_2017-04-18T22_51_41.792-0700_53ec0f316f2785c25e654b6ad2fa4798_TRES-3170419102412.FITS.gz",2457862.9361233544,False,False,False,False,False,False,False,False,False,False,False,False,False,False,False,False,False,False,False,False,False,False,False
"/content/drive/My Drive/TRES-3b-20170418/MOBS_Cecilia_TRES-3_2017-04-18T22_51_41.792-0700_53ec0f316f2785c25e654b6ad2fa4798_TRES-3170419102712.FITS.gz",2457862.938204366,False,False,False,False,False,False,False,False,False,False,False,False,False,False,False,False,False,False,False,False,False,False,False
"/content/drive/My Drive/TRES-3b-20170418/MOBS_Cecilia_TRES-3_2017-04-18T22_51_41.792-0700_53ec0f316f2785c25e654b6ad2fa4798_TRES-3170419103012.FITS.gz",2457862.9402959794,False,False,False,False,False,False,False,False,False,False,False,False,False,False,False,False,False,False,False,False,False,False,False
"/content/drive/My Drive/TRES-3b-20170418/MOBS_Cecilia_TRES-3_2017-04-18T22_51_41.792-0700_53ec0f316f2785c25e654b6ad2fa4798_TRES-3170419103312.FITS.gz",2457862.942375116,False,False,False,False,False,False,False,False,False,False,False,False,False,False,False,False,False,False,False,False,False,False,False
"/content/drive/My Drive/TRES-3b-20170418/MOBS_Cecilia_TRES-3_2017-04-18T22_51_41.792-0700_53ec0f316f2785c25e654b6ad2fa4798_TRES-3170419103612.FITS.gz",2457862.944465537,False,False,False,False,False,False,False,False,False,False,False,False,False,False,False,False,False,False,False,False,False,False,False
"/content/drive/My Drive/TRES-3b-20170418/MOBS_Cecilia_TRES-3_2017-04-18T22_51_41.792-0700_53ec0f316f2785c25e654b6ad2fa4798_TRES-3170419103912.FITS.gz",2457862.946544072,False,False,False,False,False,False,False,False,False,False,False,False,False,False,False,False,False,False,False,False,False,False,False
"/content/drive/My Drive/TRES-3b-20170418/MOBS_Cecilia_TRES-3_2017-04-18T22_51_41.792-0700_53ec0f316f2785c25e654b6ad2fa4798_TRES-3170419104212.FITS.gz",2457862.948623023,False,False,False,False,False,False,False,False,False,False,False,False,False,False,False,False,False,False,False,False,False,False,False
"/content/drive/My Drive/TRES-3b-20170418/MOBS_Cecilia_TRES-3_2017-04-18T22_51_41.792-0700_53ec0f316f2785c25e654b6ad2fa4798_TRES-3170419104512.FITS.gz",2457862.950713236,False,False,False,False,False,False,False,False,False,False,False,False,False,False,False,False,False,False,False,False,False,False,False
"/content/drive/My Drive/TRES-3b-20170418/MOBS_Cecilia_TRES-3_2017-04-18T22_51_41.792-0700_53ec0f316f2785c25e654b6ad2fa4798_TRES-3170419104812.FITS.gz",2457862.952793819,False,False,False,False,False,False,False,False,False,False,False,False,False,False,False,False,False,False,False,False,False,False,False
"/content/drive/My Drive/TRES-3b-20170418/MOBS_Cecilia_TRES-3_2017-04-18T22_51_41.792-0700_53ec0f316f2785c25e654b6ad2fa4798_TRES-3170419105113.FITS.gz",2457862.954884495,False,False,False,False,False,False,False,False,False,False,False,False,False,False,False,False,False,False,False,False,False,False,False
"/content/drive/My Drive/TRES-3b-20170418/MOBS_Cecilia_TRES-3_2017-04-18T22_51_41.792-0700_53ec0f316f2785c25e654b6ad2fa4798_TRES-3170419105412.FITS.gz",2457862.956964511,False,False,False,False,False,False,False,False,False,False,False,False,False,False,False,False,False,False,False,False,False,False,False
